<?xml version="1.0" encoding="utf-8" ?>

<component name="PosterItem" extends="Group">
    <interface>
        <field id="width"       type="float" onChange="updateLayout"/>
        <field id="height"      type="float" onChange="updateLayout"/>
        <field id="itemContent" type="node" onChange="itemContentChanged" />
    </interface>

    <script type="text/brightscript">
        <![CDATA[
            Sub Init()
                m.Poster = m.top.findNode("poster")
                m.Title = m.top.findNode("Title")
            End Sub
            Sub itemContentChanged()
                m.Poster.uri = m.top.itemContent.HDPOSTERURL
                 m.Title.text =  m.top.itemContent.Title
                updateLayout()
            End Sub
            Sub updateLayout()
                If m.top.height > 0 And m.top.width > 0 Then
                    m.Poster.width  = m.top.width
                    m.Poster.height = m.top.height
                End If
            End Sub
            ]]>
    </script>
    <children>
    <Group>
        <Poster id="poster"></Poster>
      <Label id = "Title"  width = "300" height = "200" horizAlign = "left"
  		vertAlign = "bottom"  translation = "[10,0]">
      <Font role="font" uri="pkg:/fonts/AvenirNextBold/AvenirNext-DemiBold.ttf" size="22" />
      </Label>
        </Group>
    </children>
</component>